"","City","State","Pop_est","lat","long"
"1","Eugene","Oregon",163460,44.0567,-123.1162
"2","Salem","Oregon",164549,44.9237,-123.0231
"3","Hillsboro","Oregon",102347,45.5167,-122.9833
"4","Santa Rosa","California",174972,38.4468,-122.7061
"5","Portland","Oregon",632309,45.537,-122.65
"6","Vancouver","Washington",172860,45.6372,-122.5965
"7","Daly City","California",106562,37.7009,-122.465
"8","Tacoma","Washington",207948,47.2522,-122.4598
"9","Gresham","Oregon",110553,45.5023,-122.4416
"10","San Francisco","California",864816,37.7751,-122.4193
"11","Richmond","California",109708,37.953,-122.3594
"12","Seattle","Washington",684451,47.6205,-122.3509
"13","San Mateo","California",103536,37.5542,-122.3131
"14","Berkeley","California",120972,37.8667,-122.2991
"15","Vallejo","California",121253,38.1079,-122.2639
"16","Oakland","California",419267,37.7699,-122.2256
"17","Kent","Washington",126952,47.3853,-122.2169
"18","Renton","Washington",100242,47.4867,-122.1953
"19","Everett","Washington",108010,48.0033,-122.1742
"20","Bellevue","Washington",139820,47.5978,-122.1565
"21","Hayward","California",158289,37.6281,-122.1063
"22","Fairfield","California",112970,38.2568,-122.0397
"23","Sunnyvale","California",151754,37.3858,-122.0263
"24","Concord","California",128667,37.9722,-122.0016
"25","Santa Clara","California",126215,37.3646,-121.9679
"26","Fremont","California",232206,37.4944,-121.9411
"27","San Jose","California",1026908,37.2969,-121.8193
"28","Antioch","California",110542,37.9775,-121.7976
"29","Salinas","California",157380,36.6902,-121.6337
"30","Sacramento","California",490712,38.5666,-121.4686
"31","Elk Grove","California",166913,38.4144,-121.3849
"32","Stockton","California",305658,37.9763,-121.3133
"33","Roseville","California",130269,38.7657,-121.3032
"34","Modesto","California",211266,37.6609,-120.9891
"35","Santa Maria","California",105093,34.9332,-120.4438
"36","Fresno","California",520052,36.7827,-119.7945
"37","Reno","Nevada",241445,39.4745,-119.7765
"38","Clovis","California",104180,36.4931,-119.4211
"39","Visalia","California",130104,36.3272,-119.3234
"40","Ventura","California",109708,34.2681,-119.255
"41","Oxnard","California",207254,34.2023,-119.2046
"42","Bakersfield","California",373640,35.3212,-119.0183
"43","Thousand Oaks","California",129339,34.1933,-118.8742
"44","Simi Valley","California",126788,34.2669,-118.7485
"45","Santa Clarita","California",182371,34.4049,-118.5047
"46","Los Angeles","California",3971883,34.0194,-118.4108
"47","Inglewood","California",111666,33.9561,-118.3443
"48","Torrance","California",148475,33.835,-118.3414
"49","Burbank","California",105319,34.189,-118.3249
"50","Glendale","California",201020,34.1814,-118.2458
"51","Lancaster","California",161103,34.6936,-118.1753
"52","Long Beach","California",474140,33.8091,-118.1553
"53","Pasadena","California",142250,34.1606,-118.1396
"54","Downey","California",114219,33.9382,-118.1309
"55","Palmdale","California",158351,34.5913,-118.109
"56","Norwalk","California",107140,33.9069,-118.0834
"57","El Monte","California",116732,34.0746,-118.0291
"58","Huntington Beach","California",201899,33.6906,-118.0093
"59","Garden Grove","California",175393,33.7788,-117.9605
"60","Fullerton","California",140847,33.8857,-117.928
"61","Costa Mesa","California",113204,33.6659,-117.9123
"62","West Covina","California",108484,34.0559,-117.9099
"63","Santa Ana","California",335400,33.7365,-117.8826
"64","Orange","California",140992,33.8048,-117.8249
"65","Irvine","California",256927,33.6784,-117.7713
"66","Pomona","California",153266,34.0586,-117.7613
"67","Anaheim","California",350742,33.8555,-117.7601
"68","Ontario","California",171214,34.0395,-117.6088
"69","Rancho Cucamonga","California",175236,34.1233,-117.5642
"70","Corona","California",164226,33.8624,-117.5639
"71","Jurupa Valley","California",100314,33.0011,-117.4706
"72","Fontana","California",207460,34.1088,-117.4627
"73","Spokane","Washington",213272,47.6736,-117.4166
"74","Riverside","California",322424,33.9381,-117.3932
"75","Rialto","California",103132,34.1118,-117.3883
"76","Victorville","California",122225,34.5277,-117.3536
"77","Oceanside","California",175691,33.2246,-117.3062
"78","San Bernardino","California",216108,34.1393,-117.2953
"79","Carlsbad","California",113453,33.1239,-117.2828
"80","Vista","California",100890,33.1936,-117.2411
"81","Moreno Valley","California",204198,33.9233,-117.2057
"82","Murrieta","California",109830,33.5719,-117.1907
"83","San Diego","California",1394928,32.8153,-117.135
"84","Temecula","California",112011,33.5019,-117.1246
"85","Escondido","California",151451,33.1336,-117.0732
"86","Chula Vista","California",265757,32.6277,-117.0152
"87","El Cajon","California",103679,32.8017,-116.9605
"88","Boise","Idaho",218281,43.5985,-116.2311
"89","Las Vegas","Nevada",623747,36.2277,-115.264
"90","North Las Vegas","Nevada",234807,36.283,-115.0893
"91","Henderson","Nevada",285667,36.0122,-115.0375
"92","Surprise","Arizona",128422,33.6706,-112.4527
"93","Peoria","Arizona",171237,33.7877,-112.3111
"94","Glendale","Arizona",240126,33.5331,-112.1899
"95","Phoenix","Arizona",1563025,33.5722,-112.088
"96","West Valley City","Utah",136208,40.6885,-112.0118
"97","West Jordan","Utah",111946,40.6023,-112.001
"98","Tempe","Arizona",175826,33.3884,-111.9318
"99","Salt Lake City","Utah",192672,40.7785,-111.9314
"100","Chandler","Arizona",260828,33.2829,-111.8549
"101","Scottsdale","Arizona",236839,33.6687,-111.8237
"102","Gilbert","Arizona",247542,33.3102,-111.7422
"103","Mesa","Arizona",471825,33.4019,-111.7174
"104","Provo","Utah",115264,40.2453,-111.6448
"105","Tucson","Arizona",531641,32.1543,-110.8711
"106","Billings","Montana",110263,45.7895,-108.5499
"107","Las Cruces","New Mexico",101643,32.3197,-106.7653
"108","Albuquerque","New Mexico",559121,35.1056,-106.6474
"109","El Paso","Texas",681124,31.8484,-106.427
"110","Boulder","Colorado",107349,40.0175,-105.2797
"111","Lakewood","Colorado",152597,39.6989,-105.1176
"112","Arvada","Colorado",115368,39.8097,-105.1066
"113","Fort Collins","Colorado",161175,40.5482,-105.0648
"114","Westminster","Colorado",113130,39.8822,-105.0644
"115","Thornton","Colorado",133451,39.918,-104.9454
"116","Denver","Colorado",682545,39.7618,-104.8806
"117","Centennial","Colorado",109741,39.5906,-104.8691
"118","Aurora","Colorado",359407,39.7082,-104.8235
"119","Colorado Springs","Colorado",456568,38.8673,-104.7607
"120","Greeley","Colorado",100883,40.4167,-104.7167
"121","Pueblo","Colorado",109412,38.2731,-104.6124
"122","Odessa","Texas",118968,31.8804,-102.3434
"123","Midland","Texas",132950,32.0299,-102.1097
"124","Lubbock","Texas",249042,33.5665,-101.8867
"125","Amarillo","Texas",198645,35.1978,-101.8287
"126","San Angelo","Texas",100450,31.45,-100.45
"127","Abilene","Texas",121721,32.4545,-99.7381
"128","Laredo","Texas",255473,27.5477,-99.4869
"129","Wichita Falls","Texas",104710,33.9067,-98.5259
"130","San Antonio","Texas",1469845,29.4724,-98.5251
"131","McAllen","Texas",140269,26.2185,-98.2461
"132","Austin","Texas",931830,30.3072,-97.756
"133","Killeen","Texas",140806,31.0777,-97.732
"134","Round Rock","Texas",115997,30.5237,-97.6674
"135","Oklahoma City","Oklahoma",631346,35.4671,-97.5137
"136","Brownsville","Texas",183887,26.0183,-97.4538
"137","Norman","Oklahoma",120284,35.22,-97.44
"138","Fort Worth","Texas",833319,32.7795,-97.3463
"139","Wichita","Kansas",389965,37.6907,-97.3427
"140","Waco","Texas",132356,31.5601,-97.186
"141","Corpus Christi","Texas",324074,27.7543,-97.1734
"142","Denton","Texas",131044,33.2151,-97.1417
"143","Arlington","Texas",388125,32.7007,-97.1247
"144","Grand Prairie","Texas",187809,32.6842,-97.021
"145","Lewisville","Texas",104039,33.0383,-97.0061
"146","Irving","Texas",236607,32.8577,-96.97
"147","Carrollton","Texas",133168,32.9884,-96.8998
"148","Fargo","North Dakota",118523,46.8652,-96.829
"149","Frisco","Texas",154407,33.151,-96.8193
"150","Dallas","Texas",1300092,32.7757,-96.7967
"151","Plano","Texas",283558,33.0508,-96.7479
"152","Sioux Falls","South Dakota",171544,43.5383,-96.732
"153","Richardson","Texas",110815,32.9723,-96.7081
"154","Lincoln","Nebraska",277348,40.809,-96.6804
"155","McKinney","Texas",162898,33.2012,-96.668
"156","Garland","Texas",236897,32.9098,-96.6304
"157","Mesquite","Texas",144788,32.7639,-96.5924
"158","College Station","Texas",107889,30.6013,-96.3144
"159","Omaha","Nebraska",443885,41.2647,-96.0419
"160","Tulsa","Oklahoma",403505,36.1279,-95.9023
"161","Broken Arrow","Oklahoma",106563,36.0365,-95.781
"162","Topeka","Kansas",127265,39.0362,-95.6948
"163","Houston","Texas",2296224,29.7805,-95.3863
"164","Tyler","Texas",103700,32.35,-95.3
"165","Pearland","Texas",108821,29.5544,-95.2958
"166","Pasadena","Texas",153784,29.6583,-95.1505
"167","Olathe","Kansas",134305,38.8843,-94.8188
"168","Kansas City","Kansas",151306,39.1225,-94.7418
"169","Overland Park","Kansas",186515,38.889,-94.6906
"170","Kansas City","Missouri",475378,39.1252,-94.5511
"171","Independence","Missouri",117255,39.0853,-94.3513
"172","Beaumont","Texas",118129,30.0843,-94.1458
"173","Shreveport","Louisiana",197204,32.467,-93.7927
"174","Des Moines","Iowa",210330,41.5739,-93.6167
"175","Springfield","Missouri",165378,37.1942,-93.2913
"176","Minneapolis","Minnesota",410939,44.9633,-93.2683
"177","Saint Paul","Minnesota",300851,44.9489,-93.1039
"178","Rochester","Minnesota",112225,44.0154,-92.4772
"179","Little Rock","Arkansas",197992,34.7254,-92.3586
"180","Columbia","Missouri",119108,38.9479,-92.3261
"181","Lafayette","Louisiana",127657,30.2116,-92.0314
"182","Cedar Rapids","Iowa",130405,41.967,-91.6778
"183","Baton Rouge","Louisiana",228590,30.4485,-91.1259
"184","Davenport","Iowa",102582,41.5541,-90.604
"185","St. Louis","Missouri",315685,38.6357,-90.2446
"186","Jackson","Mississippi",170674,32.3158,-90.2128
"187","Memphis","Tennessee",655770,35.1035,-89.9785
"188","New Orleans","Louisiana",389617,30.0686,-89.939
"189","Springfield","Illinois",116565,39.7639,-89.6708
"190","Peoria","Illinois",115070,40.7523,-89.6171
"191","Madison","Wisconsin",248951,43.0878,-89.4301
"192","Rockford","Illinois",148278,42.2634,-89.0628
"193","Elgin","Illinois",112111,42.0396,-88.3217
"194","Aurora","Illinois",200661,41.7635,-88.2901
"195","Naperville","Illinois",147100,41.7492,-88.162
"196","Joliet","Illinois",147861,41.5181,-88.1584
"197","Mobile","Alabama",194288,30.6684,-88.1002
"198","Green Bay","Wisconsin",105207,44.5207,-87.9842
"199","Milwaukee","Wisconsin",600155,43.0633,-87.9667
"200","Chicago","Illinois",2720546,41.8376,-87.6818
"201","Evansville","Indiana",119943,37.9877,-87.5347
"202","Clarksville","Tennessee",149176,36.5664,-87.3452
"203","Birmingham","Alabama",212461,33.5274,-86.799
"204","Nashville","Tennessee",654610,36.1718,-86.785
"205","Huntsville","Alabama",190582,34.7843,-86.539
"206","Murfreesboro","Tennessee",126118,35.8522,-86.4161
"207","South Bend","Indiana",101516,41.6769,-86.269
"208","Montgomery","Alabama",200602,32.3463,-86.2686
"209","Indianapolis","Indiana",853173,39.7767,-86.1459
"210","Louisville","Kentucky",615366,38.1781,-85.6667
"211","Grand Rapids","Michigan",195097,42.9612,-85.6556
"212","Chattanooga","Tennessee",176588,35.0665,-85.2471
"213","Fort Wayne","Indiana",260326,41.0882,-85.1439
"214","Columbus","Georgia",200579,32.5102,-84.8749
"215","Lansing","Michigan",115056,42.7098,-84.5562
"216","Cincinnati","Ohio",298550,39.1399,-84.5064
"217","Lexington","Kentucky",314488,38.0402,-84.4584
"218","Atlanta","Georgia",463878,33.7629,-84.4227
"219","Tallahassee","Florida",189907,30.4551,-84.2534
"220","Sandy Springs","Georgia",105330,33.5615,-84.227
"221","Dayton","Ohio",140599,39.7774,-84.1996
"222","Knoxville","Tennessee",185291,35.9709,-83.9465
"223","Ann Arbor","Michigan",117070,42.2756,-83.7313
"224","Toledo","Ohio",279789,41.6641,-83.5819
"225","Macon","Georgia",153515,32.505,-83.396
"226","Athens","Georgia",122604,33.9496,-83.3701
"227","Detroit","Michigan",677116,42.383,-83.1022
"228","Sterling Heights","Michigan",132052,42.5812,-83.0303
"229","Warren","Michigan",135358,42.4929,-83.025
"230","Columbus","Ohio",850106,39.9848,-82.985
"231","Clearwater","Florida",113003,27.9795,-82.7663
"232","St. Petersburg","Florida",257083,27.762,-82.6441
"233","Tampa","Florida",369075,27.9701,-82.4797
"234","Gainesville","Florida",130128,29.6788,-82.3459
"235","Augusta","Georgia",197182,33.3655,-82.0734
"236","Cape Coral","Florida",175229,26.6431,-81.9973
"237","Lakeland","Florida",104401,28.0411,-81.9589
"238","Cleveland","Ohio",388072,41.4781,-81.6795
"239","Jacksonville","Florida",868031,30.337,-81.6613
"240","Akron","Ohio",197542,41.0805,-81.5214
"241","Orlando","Florida",270934,28.4159,-81.2988
"242","Savannah","Georgia",145674,32.0025,-81.1536
"243","Columbia","South Carolina",133803,34.0298,-80.8966
"244","Charlotte","North Carolina",827097,35.2087,-80.8307
"245","Palm Bay","Florida",107888,27.9856,-80.6626
"246","Port St. Lucie","Florida",179413,27.281,-80.3838
"247","Pembroke Pines","Florida",166611,26.0212,-80.3404
"248","Miramar","Florida",137132,25.977,-80.3358
"249","Hialeah","Florida",237069,25.8699,-80.3029
"250","Davie","Florida",100882,26.0814,-80.2803
"251","Winston_—êSalem","North Carolina",241218,36.1033,-80.2606
"252","Coral Springs","Florida",129485,26.2708,-80.2593
"253","Miami Gardens","Florida",113187,25.9489,-80.2436
"254","Miami","Florida",441003,25.7752,-80.2086
"255","Hollywood","Florida",149728,26.0311,-80.1646
"256","Fort Lauderdale","Florida",178590,26.1413,-80.1439
"257","Pompano Beach","Florida",107762,26.2426,-80.129
"258","West Palm Beach","Florida",106779,26.7483,-80.1266
"259","North Charleston","South Carolina",108304,32.8853,-80.0169
"260","High Point","North Carolina",110268,35.9855,-79.9902
"261","Pittsburgh","Pennsylvania",304391,40.4398,-79.9766
"262","Charleston","South Carolina",132609,32.8179,-79.9589
"263","Greensboro","North Carolina",285342,36.0965,-79.8271
"264","Fayetteville","North Carolina",201963,35.0851,-78.9803
"265","Durham","North Carolina",257636,35.981,-78.9056
"266","Buffalo","New York",258071,42.8925,-78.8597
"267","Cary","North Carolina",159769,35.7821,-78.8141
"268","Raleigh","North Carolina",451066,35.8302,-78.6414
"269","Wilmington","North Carolina",115933,34.2092,-77.8858
"270","Rochester","New York",209802,43.1699,-77.6169
"271","Richmond","Virginia",220289,37.5314,-77.476
"272","Alexandria","Virginia",153511,38.8183,-77.082
"273","Washington","District of Columbia",672228,38.9041,-77.0171
"274","Baltimore","Maryland",621849,39.3002,-76.6105
"275","Newport News","Virginia",182385,37.076,-76.5217
"276","Chesapeake","Virginia",235429,36.6794,-76.3018
"277","Hampton","Virginia",136454,37.048,-76.2971
"278","Norfolk","Virginia",246393,36.923,-76.2446
"279","Syracuse","New York",144142,43.041,-76.1436
"280","Virginia Beach","Virginia",452745,36.7793,-76.024
"281","Allentown","Pennsylvania",120207,40.594,-75.4782
"282","Philadelphia","Pennsylvania",1567442,40.0094,-75.1333
"283","Edison","New Jersey",102701,40.504,-74.3494
"284","Woodbridge","New Jersey",102105,40.5608,-74.2926
"285","Elizabeth","New Jersey",129007,40.6663,-74.1935
"286","Newark","New Jersey",281944,40.7242,-74.1726
"287","Paterson","New Jersey",147754,40.9147,-74.1628
"288","Jersey City","New Jersey",264290,40.7114,-74.0648
"289","New York","New York",8550405,40.6643,-73.9385
"290","Yonkers","New York",201116,40.9459,-73.8674
"291","Stamford","Connecticut",128874,41.0799,-73.546
"292","Bridgeport","Connecticut",147629,41.1874,-73.1957
"293","Waterbury","Connecticut",108802,41.5585,-73.0367
"294","New Haven","Connecticut",130322,41.3108,-72.925
"295","Hartford","Connecticut",124006,41.766,-72.6833
"296","Springfield","Massachusetts",154341,42.1155,-72.54
"297","Worcester","Massachusetts",184815,42.2695,-71.8078
"298","Manchester","New Hampshire",110229,42.9847,-71.4439
"299","Providence","Rhode Island",179207,41.8231,-71.4188
"300","Lowell","Massachusetts",110699,42.6389,-71.3221
"301","Cambridge","Massachusetts",110402,42.376,-71.1183
"302","Boston","Massachusetts",667137,42.332,-71.0202
